<DATE>,<TIME>,<OPEN>,<HIGH>,<LOW>,<CLOSE>,<VOL>
20160111,000000,1.0935000,1.0935500,1.0868500,1.0884000,10767000
20160112,000000,1.0896000,1.0909000,1.0850000,1.0872500,880000
20160113,000000,1.0829500,1.0842000,1.0803500,1.0830000,15532000
20160114,000000,1.0859000,1.0942500,1.0859000,1.0940000,961000
20160115,000000,1.0880000,1.0921500,1.0880000,1.0895000,849000
20160119,000000,1.0871000,1.0886500,1.0860500,1.0863000,3449000
20160120,000000,1.0955000,1.0962000,1.0913500,1.0918000,4632000
20160121,000000,1.0911500,1.1150000,1.0886500,1.0907000,3697000
20160122,000000,1.0825000,1.0845000,1.0815500,1.0830000,1696000
20160125,000000,1.0814000,1.0833500,1.0813000,1.0823500,6778000
20160126,000000,1.0856500,1.0871500,1.0822500,1.0822500,3403000
20160127,000000,1.0865500,1.0877500,1.0857500,1.0873500,705000
20160128,000000,1.0875000,1.0916000,1.0870500,1.0911000,31790000
20160129,000000,1.0894500,1.0921000,1.0890000,1.0920000,3745000
20160201,000000,1.0854000,1.0867500,1.0847000,1.0867500,9144000
20160202,000000,1.0906500,1.0918000,1.0896000,1.0916500,13982000
20160203,000000,1.0914000,1.0929000,1.0905500,1.0926000,2124000
20160204,000000,1.1078000,1.1183500,1.1070500,1.1170500,10491000
20160205,000000,1.1197000,1.1205500,1.1184000,1.1193500,7024000
20160208,000000,1.1138000,1.1180000,1.1118500,1.1127000,7860000
20160209,000000,1.1199000,1.1221000,1.1168500,1.1220500,4860000
20160210,000000,1.1281000,1.1300000,1.1244000,1.1258000,5108000
20160211,000000,1.1288000,1.1350000,1.1280000,1.1321000,2721000
20160212,000000,1.1317500,1.1328000,1.1269000,1.1277000,5563000
20160216,000000,1.1160000,1.1191000,1.1154000,1.1158000,3718000
20160217,000000,1.1164000,1.1178000,1.1129500,1.1145500,11582000
20160218,000000,1.1148500,1.1148500,1.1111000,1.1113500,20816000
20160219,000000,1.1112500,1.1133000,1.1081000,1.1100000,4823000
20160224,000000,1.1016000,1.1016000,1.0960500,1.0960500,9651000
20160225,000000,1.1032000,1.1032000,1.1008000,1.1032000,6975000
20160226,000000,1.1051000,1.1065000,1.1006000,1.1024000,13132000
20160229,000000,1.0943500,1.0956000,1.0881000,1.0883500,13054000
20160301,000000,1.0890000,1.0899000,1.0851000,1.0876500,6201000
20160302,000000,1.0852000,1.0876000,1.0849000,1.0849000,3056000
20160303,000000,1.0864000,1.0880500,1.0860000,1.0880500,5037000
20160304,000000,1.0946500,1.0987500,1.0934500,1.0980000,7685000
20160309,000000,1.0980000,1.0985500,1.0958500,1.0970000,4997000
20160310,000000,1.0973000,1.0982500,1.0961000,1.0975000,16220000
20160311,000000,1.1173500,1.1173500,1.1084000,1.1100000,9941000
20160314,000000,1.1158000,1.1160000,1.1099500,1.1099500,10373000
20160315,000000,1.1103500,1.1120500,1.1075500,1.1096500,10492000
20160316,000000,1.1092000,1.1096000,1.1079500,1.1087000,6077000
20160317,000000,1.1234500,1.1337500,1.1234500,1.1326000,8295000
20160318,000000,1.1292000,1.1292000,1.1259000,1.1277500,7925000
20160321,000000,1.1265500,1.1282500,1.1238500,1.1276500,8642000
20160322,000000,1.1248000,1.1250000,1.1192000,1.1219500,13198000
20160323,000000,1.1189500,1.1198000,1.1180500,1.1192000,15511000
20160324,000000,1.1161500,1.1180000,1.1146500,1.1157500,16019000
20160329,000000,1.1188500,1.1214000,1.1175000,1.1198500,66114000
20160330,000000,1.1304000,1.1333500,1.1304000,1.1330500,1706000
20160331,000000,1.1330500,1.1393500,1.1325000,1.1393500,4296000
20160401,000000,1.1381500,1.1425000,1.1377000,1.1425000,5109000
20160404,000000,1.1387000,1.1393000,1.1360000,1.1375500,70718000
20160405,000000,1.1371000,1.1371000,1.1354000,1.1363000,5355000
20160406,000000,1.1360500,1.1368500,1.1343000,1.1343000,4676000
20160407,000000,1.1440000,1.1443000,1.1375000,1.1380500,4471000
20160408,000000,1.1362500,1.1391500,1.1351500,1.1361500,4569000
20160411,000000,1.1413000,1.1413000,1.1378500,1.1399000,13640000
20160412,000000,1.1423500,1.1460500,1.1396500,1.1413000,13873000
20160413,000000,1.1346500,1.1361000,1.1300500,1.1302500,5175000
20160414,000000,1.1255000,1.1270500,1.1239500,1.1257000,66144000
20160415,000000,1.1246000,1.1286000,1.1246000,1.1281000,3357000
20160418,000000,1.1292000,1.1308000,1.1292000,1.1304500,4922000
20160419,000000,1.1333500,1.1347000,1.1320000,1.1341000,17265000
20160420,000000,1.1356000,1.1380000,1.1352500,1.1380000,13090000
20160421,000000,1.1298500,1.1342000,1.1286500,1.1328500,13400000
20160422,000000,1.1284500,1.1285000,1.1262000,1.1266000,8923000
20160425,000000,1.1233000,1.1260000,1.1233000,1.1250500,6436000
20160426,000000,1.1260500,1.1297500,1.1260500,1.1273000,11089000
20160427,000000,1.1325000,1.1331500,1.1303000,1.1303000,5402000
20160428,000000,1.1360500,1.1364000,1.1345000,1.1351000,7417000
20160429,000000,1.1401500,1.1409000,1.1375000,1.1385500,21958000
20160504,000000,1.1492000,1.1550000,1.1471500,1.1504000,14586000
20160505,000000,1.1474500,1.1478000,1.1420000,1.1431500,9009000
20160506,000000,1.1420500,1.1429000,1.1410000,1.1425500,6364000
20160510,000000,1.1383000,1.1394000,1.1364500,1.1370000,2925000
20160511,000000,1.1393500,1.1400000,1.1385000,1.1398500,7681000
20160512,000000,1.1412000,1.1413000,1.1382000,1.1382000,14956000
20160513,000000,1.1340000,1.1354500,1.1329500,1.1352000,14931000
20160516,000000,1.1319500,1.1330000,1.1307000,1.1319500,18876000
20160517,000000,1.1328000,1.1334000,1.1318000,1.1321500,7220000
20160518,000000,1.1275000,1.1287000,1.1257500,1.1285000,5506000
20160519,000000,1.1218500,1.1226000,1.1193000,1.1193000,9606000
20160520,000000,1.1216000,1.1225500,1.1209000,1.1211000,24765000
20160523,000000,1.1236000,1.1236000,1.1203500,1.1210500,26834000
20160524,000000,1.1204000,1.1208000,1.1173000,1.1177000,7119000
20160525,000000,1.1155500,1.1155500,1.1138000,1.1150000,7199000
20160526,000000,1.1170000,1.1188500,1.1166500,1.1169500,16594000
20160527,000000,1.1181000,1.1183000,1.1166000,1.1166000,3432000
20160531,000000,1.1129000,1.1164000,1.1123500,1.1158500,20693000
20160601,000000,1.1127500,1.1170000,1.1127500,1.1170000,3465000
20160602,000000,1.1195000,1.1215000,1.1184000,1.1184000,4011000
20160603,000000,1.1151500,1.1155000,1.1137000,1.1141000,9496000
20160606,000000,1.1340000,1.1361000,1.1336500,1.1343000,8552000
20160607,000000,1.1359000,1.1377500,1.1344000,1.1347000,6283000
20160608,000000,1.1375000,1.1385000,1.1364000,1.1383000,12047000
20160609,000000,1.1395000,1.1401000,1.1335000,1.1340500,10056000
20160610,000000,1.1304500,1.1319500,1.1283000,1.1305500,13507000
20160614,000000,1.1260000,1.1260000,1.1211000,1.1226500,18616000
20160615,000000,1.1225000,1.1231500,1.1210500,1.1227000,14176000
20160616,000000,1.1284000,1.1289500,1.1180000,1.1189000,7466000
20160617,000000,1.1234500,1.1265000,1.1224000,1.1259500,8393000
20160620,000000,1.1340000,1.1354500,1.1325000,1.1327000,8724000
20160621,000000,1.1348000,1.1349000,1.1315000,1.1326000,7251000
20160622,000000,1.1272500,1.1300000,1.1264000,1.1282500,9343000
20160623,000000,1.1336000,1.1414000,1.1320000,1.1387000,8833000
20160624,000000,1.1035000,1.1174000,1.1029500,1.1053000,32851000
20160627,000000,1.1057000,1.1075000,1.0981500,1.0990500,16518000
20160628,000000,1.1066000,1.1099500,1.1056500,1.1070000,9641000
20160629,000000,1.1067000,1.1099000,1.1057500,1.1078000,13410000
20160630,000000,1.1096500,1.1151500,1.1094000,1.1100000,12980000
20160701,000000,1.1087000,1.1128000,1.1087000,1.1120500,10206000
20160705,000000,1.1127500,1.1165000,1.1127500,1.1146500,7401000
20160706,000000,1.1069000,1.1076500,1.1044000,1.1051500,9329000
20160707,000000,1.1083000,1.1095500,1.1064000,1.1074000,15646000
20160708,000000,1.1078500,1.1079500,1.1060000,1.1065500,6249000
20160711,000000,1.1040000,1.1053000,1.1020000,1.1045500,13168000
20160712,000000,1.1102000,1.1123000,1.1080000,1.1094500,7194000
20160713,000000,1.1051500,1.1083000,1.1045000,1.1075000,6403000
20160714,000000,1.1106000,1.1158000,1.1091000,1.1153000,8030000
20160715,000000,1.1137000,1.1146500,1.1126000,1.1126500,5621000
20160718,000000,1.1057500,1.1060000,1.1038500,1.1060000,7025000
20160719,000000,1.1068000,1.1072000,1.1028500,1.1028500,10898000
20160720,000000,1.0987500,1.1015500,1.0983000,1.1006500,5126000
20160721,000000,1.1036500,1.1040500,1.1009000,1.1013000,11986000
20160722,000000,1.1023500,1.1035500,1.1015000,1.1016500,3670000
20160725,000000,1.0968500,1.0995500,1.0961000,1.0987500,15036000
20160726,000000,1.1004000,1.1018000,1.0997500,1.1001000,4793000
20160727,000000,1.0988000,1.1004000,1.0987000,1.0990000,6497000
20160728,000000,1.1089500,1.1112000,1.1080000,1.1081000,11323000
20160729,000000,1.1092500,1.1112500,1.1083500,1.1112000,7326000
20160801,000000,1.1163000,1.1173500,1.1154500,1.1154500,11883000
20160802,000000,1.1181500,1.1206500,1.1181500,1.1195000,6509000
20160803,000000,1.1204000,1.1211500,1.1192000,1.1201000,3835000
20160804,000000,1.1129500,1.1139500,1.1116500,1.1120500,9480000
20160805,000000,1.1140000,1.1157000,1.1133500,1.1156000,5556000
20160808,000000,1.1083500,1.1093000,1.1080000,1.1086500,6671000
20160809,000000,1.1077000,1.1095500,1.1070500,1.1077000,4715000
20160810,000000,1.1140500,1.1186500,1.1140000,1.1186500,4318000
20160811,000000,1.1165000,1.1167500,1.1138000,1.1142500,17113000
20160812,000000,1.1140500,1.1156500,1.1140500,1.1148000,3682000
20160815,000000,1.1167000,1.1175500,1.1165500,1.1173000,13108000
20160816,000000,1.1238500,1.1299000,1.1234000,1.1296000,4890000
20160817,000000,1.1261500,1.1275000,1.1257000,1.1272000,5790000
20160818,000000,1.1313500,1.1334500,1.1307000,1.1330500,10966000
20160819,000000,1.1345000,1.1345000,1.1306000,1.1319500,11816000
20160822,000000,1.1285500,1.1304500,1.1276500,1.1304500,5455000
20160823,000000,1.1340000,1.1351500,1.1325000,1.1343500,21450000
20160824,000000,1.1295000,1.1300000,1.1258000,1.1258000,10351000
20160825,000000,1.1264500,1.1296000,1.1264500,1.1287500,7589000
20160826,000000,1.1296000,1.1298500,1.1283000,1.1293000,12624000
20160829,000000,1.1195000,1.1195000,1.1171000,1.1173000,8370000
20160830,000000,1.1171000,1.1174000,1.1162000,1.1168500,13205000
20160831,000000,1.1136000,1.1150000,1.1132500,1.1137000,5530000
20160901,000000,1.1140500,1.1152000,1.1128500,1.1150000,4980000
20160902,000000,1.1189000,1.1197000,1.1173500,1.1190000,10685000
20160906,000000,1.1154500,1.1168500,1.1154500,1.1161000,5537000
20160907,000000,1.1246000,1.1251000,1.1238000,1.1241000,2785000
20160908,000000,1.1258500,1.1296000,1.1256000,1.1292500,28524000
20160909,000000,1.1270000,1.1275500,1.1261500,1.1262000,37524000
20160912,000000,1.1247000,1.1260000,1.1215000,1.1225000,12358000
20160913,000000,1.1224000,1.1238000,1.1221000,1.1232000,3119000
20160914,000000,1.1232500,1.1235500,1.1217000,1.1227000,5752000
20160915,000000,1.1225000,1.1248000,1.1220000,1.1242000,11744000
20160916,000000,1.1235500,1.1235500,1.1215000,1.1223000,7976000
20160919,000000,1.1163000,1.1171000,1.1151500,1.1160000,6060000
20160920,000000,1.1204000,1.1207000,1.1175500,1.1180500,10966000
20160921,000000,1.1141000,1.1156000,1.1140000,1.1148000,12756000
20160922,000000,1.1236500,1.1242500,1.1223000,1.1234500,11971000
20160923,000000,1.1210500,1.1217000,1.1195000,1.1216500,11157000
20160926,000000,1.1225500,1.1252500,1.1225500,1.1252000,17258000
20160927,000000,1.1243500,1.1253000,1.1226000,1.1226000,6712000
20160928,000000,1.1197500,1.1222000,1.1184500,1.1217000,23405000
20160929,000000,1.1221000,1.1223500,1.1209000,1.1220000,11717000
20160930,000000,1.1207500,1.1208000,1.1160000,1.1160000,42226000
20161003,000000,1.1226500,1.1237500,1.1223000,1.1234500,108739000
20161004,000000,1.1174000,1.1179000,1.1153500,1.1169000,8544000
20161005,000000,1.1220000,1.1230000,1.1215000,1.1215000,6630000
20161006,000000,1.1193000,1.1202000,1.1178500,1.1184000,13313000
20161007,000000,1.1114000,1.1144500,1.1106000,1.1144000,4490000
20161011,000000,1.1119000,1.1123500,1.1075000,1.1081500,10238000
20161012,000000,1.1040500,1.1051000,1.1015000,1.1022500,2681000
20161013,000000,1.1015000,1.1035500,1.0988500,1.1035000,4727000
20161014,000000,1.1013000,1.1023500,1.1002000,1.1002000,5485000
20161017,000000,1.0985500,1.0997500,1.0971500,1.0997500,11330000
20161018,000000,1.1014500,1.1020500,1.0998500,1.1001000,7870000
20161019,000000,1.0983000,1.1000000,1.0979000,1.0980000,6584000
20161020,000000,1.0966500,1.0984000,1.0966500,1.0984000,3344000
20161021,000000,1.0907000,1.0907000,1.0879000,1.0890000,10497000
20161024,000000,1.0884000,1.0899000,1.0874000,1.0890000,3743000
20161025,000000,1.0877000,1.0890000,1.0870000,1.0881000,6646000
20161026,000000,1.0905000,1.0931000,1.0900500,1.0914000,11410000
20161027,000000,1.0902000,1.0926500,1.0902000,1.0925000,4265000
20161028,000000,1.0917000,1.0924000,1.0906000,1.0922000,7931000
20161031,000000,1.0962500,1.0964000,1.0948000,1.0949500,14422000
20161101,000000,1.0966000,1.1006500,1.0966000,1.1006500,6298000
20161102,000000,1.1061500,1.1096500,1.1061000,1.1091000,9211000
20161103,000000,1.1113500,1.1125500,1.1065500,1.1073500,11046000
20161107,000000,1.1065500,1.1072000,1.1050000,1.1064500,3449000
20161108,000000,1.1045000,1.1062000,1.1044000,1.1044000,7871000
20161109,000000,1.1220000,1.1220000,1.1038000,1.1102000,15259000
20161110,000000,1.0938000,1.0943000,1.0893000,1.0899000,4930000
20161114,000000,1.0794500,1.0798000,1.0735000,1.0785000,7825000
20161115,000000,1.0766500,1.0816000,1.0766500,1.0772500,12935000
20161116,000000,1.0750000,1.0755000,1.0696000,1.0696000,9338000
20161117,000000,1.0690000,1.0737500,1.0690000,1.0733000,8823000
20161118,000000,1.0599000,1.0628000,1.0585000,1.0625000,10126000
20161121,000000,1.0608000,1.0645000,1.0605500,1.0632000,7870000
20161122,000000,1.0615000,1.0652000,1.0606500,1.0630000,4777000
20161123,000000,1.0636500,1.0640000,1.0608000,1.0623500,37803000
20161125,000000,1.0579000,1.0612000,1.0579000,1.0583500,3657000
20161128,000000,1.0642000,1.0665500,1.0602500,1.0602500,19255000
20161129,000000,1.0604500,1.0611500,1.0584000,1.0600000,8932000
20161130,000000,1.0630000,1.0665000,1.0623000,1.0647000,10330000
20161201,000000,1.0616500,1.0634000,1.0605000,1.0625000,15316000
20161202,000000,1.0677500,1.0678000,1.0641000,1.0646000,13146000
20161205,000000,1.0570000,1.0728500,1.0560000,1.0712500,46375000
20161206,000000,1.0740500,1.0785000,1.0730000,1.0733000,9920000
20161207,000000,1.0718500,1.0730500,1.0716000,1.0725500,10709000
20161208,000000,1.0765000,1.0798000,1.0762000,1.0782000,6554000
20161209,000000,1.0613500,1.0628500,1.0571000,1.0574000,14371000
20161212,000000,1.0560000,1.0614000,1.0560000,1.0606000,17778000
20161213,000000,1.0639000,1.0650000,1.0603500,1.0604000,29867000
20161214,000000,1.0649000,1.0662500,1.0614500,1.0646000,4604000
20161215,000000,1.0489000,1.0508500,1.0411500,1.0415500,16036000
20161216,000000,1.0441000,1.0470000,1.0435500,1.0446500,21813000
20161219,000000,1.0464500,1.0472000,1.0424000,1.0424000,5055000
20161220,000000,1.0384000,1.0394500,1.0377000,1.0378000,10854000
20161221,000000,1.0411500,1.0413500,1.0391000,1.0405500,12762000
20161222,000000,1.0442000,1.0468000,1.0431500,1.0460500,17732000
20161223,000000,1.0444500,1.0460000,1.0437500,1.0450000,11729000
20161227,000000,1.0446500,1.0454000,1.0441000,1.0450500,17299000
20161228,000000,1.0468000,1.0468000,1.0410000,1.0413000,8014000
20161229,000000,1.0450000,1.0468000,1.0432000,1.0442000,35580000
20161230,000000,1.0540000,1.0586000,1.0493500,1.0538000,35009000
20170109,000000,1.0532000,1.0550000,1.0514000,1.0526000,8865000
20170110,000000,1.0595000,1.0613500,1.0577500,1.0577500,24968000
20170111,000000,1.0560000,1.0560000,1.0518500,1.0521000,12261000
20170112,000000,1.0630000,1.0655500,1.0621500,1.0648000,11346000
20170113,000000,1.0626500,1.0655500,1.0626000,1.0647500,9270000
20170117,000000,1.0657000,1.0713000,1.0640500,1.0702000,10564000
20170118,000000,1.0676000,1.0703000,1.0676000,1.0685500,6335000
20170119,000000,1.0643500,1.0668500,1.0632000,1.0662000,13661000
20170120,000000,1.0682000,1.0689500,1.0631000,1.0640000,33957000
20170123,000000,1.0743000,1.0752500,1.0725500,1.0730000,9151000
20170124,000000,1.0738500,1.0750500,1.0731500,1.0741000,12342000
20170125,000000,1.0717000,1.0755000,1.0714000,1.0749500,14431000
20170126,000000,1.0745000,1.0745000,1.0713000,1.0731000,15124000
20170127,000000,1.0665500,1.0696500,1.0662000,1.0693500,8193000
20170130,000000,1.0718000,1.0718000,1.0662000,1.0662000,4094000
20170131,000000,1.0691000,1.0750000,1.0688000,1.0750000,13049000
20170201,000000,1.0784000,1.0798000,1.0775000,1.0798000,5364000
20170202,000000,1.0783000,1.0815000,1.0780500,1.0813000,20004000
20170203,000000,1.0756000,1.0763000,1.0727000,1.0728500,14443000
20170206,000000,1.0766000,1.0767000,1.0735000,1.0735000,11622000
20170207,000000,1.0695000,1.0698000,1.0657000,1.0674000,6068000
20170208,000000,1.0672000,1.0672000,1.0643500,1.0647500,13366000
20170209,000000,1.0674000,1.0707000,1.0673500,1.0680000,8699000
20170210,000000,1.0660500,1.0662000,1.0638000,1.0643500,10149000
20170213,000000,1.0630000,1.0656000,1.0630000,1.0637500,5830000
20170214,000000,1.0621500,1.0631000,1.0609500,1.0628500,5088000
20170215,000000,1.0577000,1.0579500,1.0546500,1.0558000,6645000
20170216,000000,1.0610500,1.0639000,1.0601000,1.0635000,7248000
20170217,000000,1.0672000,1.0672500,1.0637000,1.0644000,9203000
20170221,000000,1.0588500,1.0588500,1.0534000,1.0543500,21700000
20170222,000000,1.0527500,1.0528000,1.0497500,1.0497500,19639000
20170227,000000,1.0569000,1.0590500,1.0565000,1.0584000,11732000
20170228,000000,1.0595500,1.0605000,1.0580000,1.0598500,12002000
20170301,000000,1.0555000,1.0555000,1.0529500,1.0536000,7783000
20170302,000000,1.0526000,1.0544500,1.0521500,1.0521500,9658000
20170303,000000,1.0523500,1.0543000,1.0513500,1.0540500,5726000
20170306,000000,1.0599000,1.0633000,1.0581500,1.0581500,9862000
20170307,000000,1.0585000,1.0599500,1.0560000,1.0575000,10577000
20170309,000000,1.0535500,1.0567500,1.0530000,1.0564000,14831000
20170310,000000,1.0592000,1.0617000,1.0588500,1.0607000,5213000
20170313,000000,1.0710000,1.0710000,1.0665000,1.0667000,7568000
20170314,000000,1.0645000,1.0649000,1.0629000,1.0631500,12005000
20170315,000000,1.0626500,1.0637000,1.0621500,1.0621500,4357000
20170316,000000,1.0728500,1.0733500,1.0706500,1.0726000,10463000
20170317,000000,1.0778500,1.0778500,1.0733500,1.0737000,13664000
20170320,000000,1.0766000,1.0773000,1.0751000,1.0751500,13738000
20170321,000000,1.0775000,1.0809500,1.0775000,1.0808000,11718000
20170322,000000,1.0812000,1.0812000,1.0776000,1.0787000,11619000
20170323,000000,1.0798500,1.0802000,1.0770000,1.0784500,19984000
20170324,000000,1.0764000,1.0809500,1.0764000,1.0808000,21987000
20170327,000000,1.0858000,1.0874000,1.0854000,1.0874000,23599000
20170328,000000,1.0854500,1.0862500,1.0846500,1.0855000,14087000
20170329,000000,1.0800000,1.0800000,1.0750000,1.0753000,5369000
20170330,000000,1.0752500,1.0755500,1.0728500,1.0738000,35615000
20170331,000000,1.0679500,1.0695500,1.0669500,1.0684000,48150000
20170403,000000,1.0674000,1.0674000,1.0648500,1.0648500,8376000
20170404,000000,1.0655000,1.0661500,1.0635000,1.0648000,11534000
20170405,000000,1.0677000,1.0687500,1.0663500,1.0680000,11287000
20170406,000000,1.0677000,1.0677000,1.0633000,1.0657000,10303000
20170407,000000,1.0645500,1.0647500,1.0626500,1.0630000,12141000
20170410,000000,1.0582000,1.0588500,1.0572000,1.0576000,10780000
20170411,000000,1.0580000,1.0618000,1.0580000,1.0614500,9339000
20170412,000000,1.0615000,1.0620500,1.0598000,1.0601000,10461000
20170413,000000,1.0651000,1.0652500,1.0622500,1.0623000,14999000
20170418,000000,1.0650000,1.0682500,1.0646000,1.0682500,8367000
20170419,000000,1.0721000,1.0735000,1.0711000,1.0718500,11037000
20170420,000000,1.0740000,1.0772000,1.0737000,1.0744500,10584000
20170421,000000,1.0725500,1.0731500,1.0690500,1.0695000,8690000
20170424,000000,1.0845000,1.0875000,1.0835000,1.0848000,18420000
20170425,000000,1.0881500,1.0899000,1.0877000,1.0887000,8443000
20170426,000000,1.0929500,1.0930500,1.0883000,1.0893500,8421000
20170427,000000,1.0910000,1.0917000,1.0883000,1.0888000,13855000
20170428,000000,1.0886000,1.0943000,1.0882500,1.0931500,33337000
20170502,000000,1.0917000,1.0920500,1.0907000,1.0911000,9347000
20170503,000000,1.0917500,1.0920000,1.0907500,1.0911500,5230000
20170504,000000,1.0882000,1.0935500,1.0880000,1.0928000,10109000
20170505,000000,1.0975000,1.0980000,1.0956000,1.0956000,7914000
20170510,000000,1.0888000,1.0895000,1.0862500,1.0873500,4813000
20170511,000000,1.0877500,1.0890000,1.0862000,1.0862000,10972000
20170512,000000,1.0862500,1.0877000,1.0859500,1.0875000,4518000
20170515,000000,1.0943000,1.0970000,1.0937500,1.0968500,8425000
20170516,000000,1.1015500,1.1064500,1.1015500,1.1055500,6077000
20170517,000000,1.1110500,1.1117000,1.1083500,1.1109500,5275000
20170518,000000,1.1132000,1.1144000,1.1108500,1.1123500,16882000
20170519,000000,1.1126000,1.1180000,1.1126000,1.1179000,12897000
20170522,000000,1.1185000,1.1243000,1.1162500,1.1235000,9837000
20170523,000000,1.1227500,1.1266500,1.1220000,1.1220000,5185000
20170524,000000,1.1177500,1.1193500,1.1175500,1.1190000,14643000
20170525,000000,1.1228500,1.1248000,1.1207500,1.1213500,21065000
20170526,000000,1.1210000,1.1229000,1.1192000,1.1192000,17675000
20170530,000000,1.1129000,1.1180000,1.1129000,1.1180000,3177000
20170531,000000,1.1187000,1.1227500,1.1173500,1.1219000,6624000
20170601,000000,1.1241000,1.1241000,1.1219500,1.1220000,7543000
20170602,000000,1.1220000,1.1224500,1.1208000,1.1208000,6256000
20170605,000000,1.1260500,1.1277500,1.1236500,1.1240000,12547000
20170606,000000,1.1270000,1.1270000,1.1243500,1.1256000,2472000
20170607,000000,1.1270000,1.1272000,1.1208500,1.1210000,6273000
20170608,000000,1.1253000,1.1260000,1.1230000,1.1230000,6313000
20170609,000000,1.1194500,1.1196000,1.1172000,1.1176500,31428000
20170613,000000,1.1193000,1.1222000,1.1189000,1.1209000,15374000
20170614,000000,1.1219500,1.1219500,1.1200000,1.1203000,6286000
20170615,000000,1.1203000,1.1203000,1.1154500,1.1160500,16554000
20170616,000000,1.1151000,1.1179500,1.1149500,1.1156500,13261000
20170619,000000,1.1200500,1.1211500,1.1182000,1.1194500,18156000
20170620,000000,1.1148500,1.1164500,1.1142500,1.1145500,17126000
20170621,000000,1.1131500,1.1149000,1.1129500,1.1142500,10145000
20170622,000000,1.1167500,1.1173500,1.1156000,1.1161000,11216000
20170623,000000,1.1173000,1.1186500,1.1162500,1.1170000,10002000
20170626,000000,1.1194000,1.1206000,1.1171000,1.1183000,12759000
20170627,000000,1.1190500,1.1267000,1.1183000,1.1266000,15145000
20170628,000000,1.1353000,1.1387500,1.1353000,1.1368000,10500000
20170629,000000,1.1421000,1.1430500,1.1391500,1.1396000,16553000
20170630,000000,1.1422500,1.1426500,1.1392000,1.1404000,21356000
20170703,000000,1.1405000,1.1405000,1.1366500,1.1369000,7795000
20170705,000000,1.1362000,1.1364500,1.1320000,1.1332000,7063000
20170706,000000,1.1342000,1.1380500,1.1340500,1.1380000,14913000
20170707,000000,1.1413500,1.1422000,1.1408000,1.1408000,5607000
20170710,000000,1.1403000,1.1416500,1.1385000,1.1388500,5480000
20170711,000000,1.1394000,1.1399500,1.1385000,1.1394000,18162000
20170712,000000,1.1454000,1.1462000,1.1447500,1.1456500,3664000
20170713,000000,1.1445000,1.1449000,1.1373500,1.1407000,11558000
20170714,000000,1.1419000,1.1420500,1.1409000,1.1414500,11613000
20170717,000000,1.1453000,1.1468500,1.1436500,1.1468500,6259000
20170718,000000,1.1520500,1.1562500,1.1514500,1.1550000,7383000
20170719,000000,1.1527000,1.1537500,1.1518000,1.1525000,6195000
20170720,000000,1.1518500,1.1519000,1.1484500,1.1486500,10470000
20170721,000000,1.1662000,1.1669000,1.1636000,1.1642000,10911000
20170724,000000,1.1653000,1.1659500,1.1633000,1.1646000,9513000
20170725,000000,1.1658500,1.1665000,1.1645000,1.1659000,6914000
20170726,000000,1.1636000,1.1648500,1.1616500,1.1646500,7453000
20170727,000000,1.1728000,1.1731000,1.1687000,1.1694000,16303000
20170728,000000,1.1701500,1.1719000,1.1689000,1.1719000,5421000
20170731,000000,1.1732000,1.1741500,1.1724000,1.1729000,15024000
20170801,000000,1.1817000,1.1832500,1.1810000,1.1810500,10737000
20170802,000000,1.1833500,1.1866500,1.1822500,1.1824000,27201000
20170803,000000,1.1850000,1.1855500,1.1830000,1.1855500,5925000
20170804,000000,1.1884500,1.1886500,1.1867000,1.1870000,5420000
20170807,000000,1.1785000,1.1812000,1.1779000,1.1798500,14374000
20170808,000000,1.1804000,1.1817000,1.1803500,1.1807500,11379000
20170809,000000,1.1751500,1.1756000,1.1727500,1.1738000,9141000
20170810,000000,1.1727000,1.1731000,1.1705500,1.1719500,7259000
20170811,000000,1.1756500,1.1769000,1.1749500,1.1761000,6994000
20170814,000000,1.1831000,1.1836000,1.1790000,1.1797000,10933000
20170815,000000,1.1742500,1.1766000,1.1731000,1.1736000,6446000
20170816,000000,1.1731000,1.1753000,1.1698500,1.1704000,13347000
20170817,000000,1.1760500,1.1760500,1.1731000,1.1733500,5323000
20170818,000000,1.1734000,1.1770000,1.1732000,1.1734000,5349000
20170821,000000,1.1738500,1.1762500,1.1732500,1.1762000,4678000
20170822,000000,1.1789500,1.1791000,1.1749500,1.1767500,10121000
20170823,000000,1.1754500,1.1799500,1.1743000,1.1799500,13267000
20170824,000000,1.1795000,1.1807500,1.1784500,1.1805000,7642000
20170825,000000,1.1782500,1.1823000,1.1774500,1.1814000,10772000
20170828,000000,1.1930000,1.1936000,1.1920000,1.1925500,4928000
20170829,000000,1.2026000,1.2066500,1.2012500,1.2045000,58699000
20170830,000000,1.1961000,1.1968000,1.1925000,1.1926000,14281000
20170831,000000,1.1892000,1.1903000,1.1834000,1.1834000,44534000
20170901,000000,1.1886000,1.1923000,1.1879500,1.1915500,40685000
20170905,000000,1.1904000,1.1905500,1.1870000,1.1890500,23976000
20170906,000000,1.1923000,1.1950000,1.1920000,1.1927000,7812000
20170907,000000,1.1926500,1.1993500,1.1926500,1.1971000,16621000
20170908,000000,1.2053000,1.2071500,1.2041500,1.2066500,32688000
20170911,000000,1.2015500,1.2027000,1.1990500,1.1999000,32099000
20170912,000000,1.1973500,1.1975000,1.1928000,1.1930000,39432000
20170913,000000,1.1972500,1.1987500,1.1968000,1.1983000,5781000
20170914,000000,1.1885500,1.1906500,1.1880500,1.1891000,30877000
20170915,000000,1.1921500,1.1958500,1.1913500,1.1949000,64778000
20170918,000000,1.1944500,1.1967000,1.1917500,1.1944500,20394000
20170919,000000,1.2000500,1.2002000,1.1958500,1.1976500,23623000
20170920,000000,1.2000000,1.2016000,1.1995500,1.2003000,7317000
20170921,000000,1.1893000,1.1917000,1.1881000,1.1897000,15162000
20170922,000000,1.1968000,1.2002500,1.1962000,1.1962000,51146000
20170925,000000,1.1909000,1.1917000,1.1870000,1.1870000,21798000
20170926,000000,1.1843000,1.1845000,1.1783000,1.1785000,29913000
20170927,000000,1.1758500,1.1760000,1.1732000,1.1741000,19528000
20170928,000000,1.1739500,1.1780000,1.1724500,1.1773000,12130000
20170929,000000,1.1790500,1.1814500,1.1786000,1.1814500,15653000
20171002,000000,1.1763500,1.1765000,1.1730000,1.1740500,11236000
20171003,000000,1.1724000,1.1757500,1.1721000,1.1752000,9116000
20171004,000000,1.1763000,1.1783500,1.1748000,1.1783500,10123000
20171005,000000,1.1761000,1.1776000,1.1733500,1.1733500,31378000
20171006,000000,1.1695000,1.1709500,1.1685500,1.1705000,21172000
20171010,000000,1.1774000,1.1800000,1.1762500,1.1788000,10991000
20171011,000000,1.1819500,1.1841500,1.1804000,1.1828000,11056000
20171012,000000,1.1865500,1.1866000,1.1850000,1.1851000,13525000
20171013,000000,1.1825000,1.1832500,1.1806000,1.1806000,12957000
20171016,000000,1.1782500,1.1811000,1.1780500,1.1809000,24742000
20171017,000000,1.1755000,1.1772500,1.1755000,1.1764000,14649000
20171018,000000,1.1752500,1.1768500,1.1735000,1.1748500,25640000
20171019,000000,1.1816000,1.1835000,1.1771500,1.1835000,14862000
20171020,000000,1.1814000,1.1822000,1.1795000,1.1815000,17971000
20171023,000000,1.1758000,1.1762500,1.1739000,1.1739500,48263000
20171024,000000,1.1756000,1.1765000,1.1742500,1.1755000,22210000
20171025,000000,1.1765500,1.1780000,1.1755000,1.1778500,26815000
20171026,000000,1.1821000,1.1826000,1.1760000,1.1760000,10266000
20171027,000000,1.1620000,1.1635500,1.1605000,1.1605000,13114000
20171030,000000,1.1614000,1.1639500,1.1602000,1.1631000,18604000
20171031,000000,1.1640000,1.1646000,1.1626500,1.1636500,10645000
20171101,000000,1.1640000,1.1655500,1.1633000,1.1639000,8172000
20171102,000000,1.1657000,1.1661000,1.1631000,1.1652000,5011000
20171103,000000,1.1656000,1.1658000,1.1638000,1.1643000,24269000
20171107,000000,1.1600000,1.1600000,1.1559000,1.1570500,23620000
20171108,000000,1.1594000,1.1604000,1.1593000,1.1598000,6386000
20171109,000000,1.1612000,1.1632000,1.1592000,1.1632000,15015000
20171110,000000,1.1644500,1.1659000,1.1627500,1.1638000,12111000
20171113,000000,1.1647500,1.1652000,1.1638000,1.1649500,4895000
20171114,000000,1.1671000,1.1725000,1.1671000,1.1724000,6290000
20171115,000000,1.1793000,1.1846500,1.1793000,1.1841000,6435000
20171116,000000,1.1794000,1.1794000,1.1759500,1.1765000,5934000
20171117,000000,1.1809000,1.1809000,1.1785000,1.1795500,4862000
20171120,000000,1.1736000,1.1802000,1.1736000,1.1783000,6788000
20171121,000000,1.1741000,1.1753000,1.1715000,1.1727000,4122000
20171122,000000,1.1746000,1.1768000,1.1746000,1.1753500,12853000
20171124,000000,1.1841500,1.1872000,1.1834500,1.1856500,16772000
20171127,000000,1.1918000,1.1953000,1.1916000,1.1934000,5801000
20171128,000000,1.1905500,1.1916000,1.1878500,1.1886500,12315000
20171129,000000,1.1857000,1.1882000,1.1834000,1.1838000,16085000
20171130,000000,1.1864500,1.1873000,1.1814000,1.1836500,7174000
20171201,000000,1.1916000,1.1931000,1.1886000,1.1897500,11483000
20171204,000000,1.1864000,1.1869000,1.1839000,1.1859500,8610000
20171205,000000,1.1864100,1.1876900,1.1842500,1.1863100,5112000
20171206,000000,1.1834700,1.1836000,1.1807600,1.1807600,8665000
20171207,000000,1.1787900,1.1798400,1.1775000,1.1782100,6780000
20171208,000000,1.1749800,1.1752000,1.1731600,1.1738000,8402000
20171211,000000,1.1778700,1.1799100,1.1776000,1.1792000,5111000
20171212,000000,1.1776500,1.1791400,1.1771000,1.1775000,10455000
20171213,000000,1.1753500,1.1755400,1.1737600,1.1739500,29186000
20171214,000000,1.1819200,1.1833600,1.1811500,1.1823000,9054000
20171215,000000,1.1781100,1.1806100,1.1780000,1.1796400,22084000
20171218,000000,1.1766000,1.1795400,1.1760600,1.1795000,9065000
20171219,000000,1.1792000,1.1815400,1.1791500,1.1811000,15078000
20171220,000000,1.1830900,1.1855000,1.1830900,1.1837500,17401000
20171221,000000,1.1866400,1.1885500,1.1862000,1.1867900,33234000
20171222,000000,1.1843600,1.1857900,1.1842000,1.1849500,33157000
20171227,000000,1.1879900,1.1894000,1.1866500,1.1892000,10547000
20171228,000000,1.1917100,1.1945000,1.1915600,1.1928500,58325000
20171229,000000,1.1948500,1.1998000,1.1689800,1.1995500,23818000
20180109,000000,1.1956700,1.1967500,1.1921000,1.1926500,20662000
20180110,000000,1.1928100,1.2012000,1.1927900,1.2012000,11254000
20180111,000000,1.1940400,1.1949900,1.1929400,1.1941500,15594000
20180112,000000,1.2044700,1.2131900,1.2044700,1.2122000,12029000
20180116,000000,1.2266300,1.2266300,1.2207000,1.2215500,22856000
20180117,000000,1.2218100,1.2243500,1.2206800,1.2212100,13148000
20180118,000000,1.2202400,1.2236400,1.2185800,1.2236400,4107000
20180119,000000,1.2256000,1.2293700,1.2250300,1.2265000,7641000
20180122,000000,1.2216000,1.2299900,1.2216000,1.2253700,12627000
20180123,000000,1.2244400,1.2255000,1.2223500,1.2241000,15099000
20180124,000000,1.2305000,1.2353000,1.2303000,1.2346300,7907000
20180125,000000,1.2419000,1.2430000,1.2391000,1.2397600,43362000
20180126,000000,1.2455000,1.2489000,1.2446100,1.2449500,7876000
20180129,000000,1.2420500,1.2423800,1.2391600,1.2399700,15478000
20180130,000000,1.2349000,1.2427700,1.2337800,1.2425000,17219000
20180131,000000,1.2446900,1.2454000,1.2433000,1.2451000,3438000
20180201,000000,1.2389400,1.2446000,1.2384800,1.2428000,19369000
20180202,000000,1.2491200,1.2515000,1.2479200,1.2492800,13151000
20180205,000000,1.2450400,1.2474200,1.2443000,1.2452100,17461000
20180206,000000,1.2376300,1.2420000,1.2376300,1.2383500,20250000
20180207,000000,1.2396100,1.2396100,1.2335500,1.2351600,10548000
20180208,000000,1.2274000,1.2286400,1.2227400,1.2236000,18456000
20180209,000000,1.2269000,1.2284000,1.2238000,1.2238000,17358000
20180212,000000,1.2285500,1.2292700,1.2259000,1.2270500,30994000
20180213,000000,1.2316200,1.2350300,1.2308400,1.2343000,14932000
20180214,000000,1.2370700,1.2379000,1.2344500,1.2345000,4067000
20180215,000000,1.2465100,1.2502800,1.2465100,1.2471700,5360000
20180216,000000,1.2540000,1.2543000,1.2472800,1.2481400,14246000
20180220,000000,1.2375700,1.2383000,1.2334900,1.2351000,8108000
20180221,000000,1.2334900,1.2337900,1.2308000,1.2315000,34762000
20180222,000000,1.2261000,1.2295900,1.2259000,1.2282400,23285000
20180226,000000,1.2330000,1.2350000,1.2316000,1.2337000,18684000
20180227,000000,1.2327900,1.2341000,1.2315000,1.2315000,8803000
20180228,000000,1.2233400,1.2239900,1.2199500,1.2217000,17082000
20180301,000000,1.2204000,1.2210500,1.2179000,1.2184900,16536000
20180302,000000,1.2261500,1.2313100,1.2251500,1.2313000,9222000
20180305,000000,1.2290100,1.2332100,1.2273400,1.2299500,19276000
20180306,000000,1.2338800,1.2390000,1.2330500,1.2390000,10903000
20180307,000000,1.2421500,1.2440400,1.2405000,1.2418400,10374000
20180312,000000,1.2322900,1.2339900,1.2290100,1.2290100,11087000
20180313,000000,1.2326500,1.2343500,1.2316500,1.2333100,5509000
20180314,000000,1.2395600,1.2397400,1.2363400,1.2376000,9660000
20180315,000000,1.2365000,1.2370000,1.2344500,1.2344500,10611000
20180316,000000,1.2313400,1.2330900,1.2305600,1.2323900,10640000
20180319,000000,1.2265500,1.2293500,1.2262900,1.2281000,14747000
20180320,000000,1.2343000,1.2353400,1.2297000,1.2298000,12072000
20180321,000000,1.2269000,1.2287000,1.2267100,1.2269900,5953000
20180322,000000,1.2350900,1.2376400,1.2314000,1.2314000,10201000
20180323,000000,1.2345000,1.2345000,1.2316400,1.2340900,12574000
20180326,000000,1.2359700,1.2413400,1.2359700,1.2412100,13081000
20180327,000000,1.2467000,1.2469900,1.2393900,1.2397000,4501000
20180328,000000,1.2393900,1.2403900,1.2375000,1.2393900,15568000
20180329,000000,1.2302000,1.2327000,1.2293600,1.2315000,24142000
20180403,000000,1.2320000,1.2332900,1.2287000,1.2300500,13568000
20180404,000000,1.2265000,1.2307500,1.2255600,1.2286400,19858000
20180405,000000,1.2258500,1.2277500,1.2250000,1.2258000,9224000
20180406,000000,1.2228000,1.2241900,1.2219400,1.2236600,17423000
20180409,000000,1.2275100,1.2282100,1.2261600,1.2280000,15710000
20180410,000000,1.2316400,1.2370000,1.2307100,1.2370000,31942000
20180411,000000,1.2373300,1.2385400,1.2361100,1.2377000,29393000
20180412,000000,1.2358100,1.2368900,1.2318500,1.2318500,20443000
20180413,000000,1.2318700,1.2342000,1.2306000,1.2310000,10676000
20180416,000000,1.2326400,1.2370500,1.2326000,1.2370000,8002000
20180417,000000,1.2400800,1.2409600,1.2364000,1.2372000,8769000
20180418,000000,1.2361400,1.2384500,1.2345000,1.2384500,13884000
20180419,000000,1.2379400,1.2397000,1.2353100,1.2377000,16553000
20180420,000000,1.2341400,1.2347400,1.2297500,1.2297500,23067000
20180423,000000,1.2282400,1.2287000,1.2225000,1.2232600,16492000
20180424,000000,1.2206000,1.2218500,1.2183000,1.2213400,8632000
20180425,000000,1.2208900,1.2212900,1.2174400,1.2175500,12607000
20180426,000000,1.2176000,1.2184900,1.2155000,1.2170000,8167000
20180427,000000,1.2084000,1.2092400,1.2064400,1.2068000,14367000
20180503,000000,1.1976400,1.2014900,1.1967000,1.1986000,11923000
20180504,000000,1.1962200,1.1992900,1.1954700,1.1974000,34972000
20180507,000000,1.1937100,1.2173500,1.1902000,1.1902000,24484000
20180508,000000,1.1924400,1.1925900,1.1863100,1.1870000,32323000
20180510,000000,1.1865500,1.1889400,1.1852000,1.1882500,15310000
20180511,000000,1.1893700,1.1942000,1.1891200,1.1932400,7217000
20180514,000000,1.1952000,1.1988900,1.1950000,1.1984900,6888000
20180515,000000,1.1932000,1.1936900,1.1876500,1.1878600,7485000
20180516,000000,1.1835000,1.1852400,1.1777900,1.1778000,15346000
20180517,000000,1.1803900,1.1825000,1.1778100,1.1786400,11682000
20180518,000000,1.1815000,1.1815900,1.1776000,1.1787500,4064000
20180521,000000,1.1725000,1.1759900,1.1709800,1.1758000,22701000
20180522,000000,1.1757400,1.1828900,1.1757400,1.1804100,2313000
20180523,000000,1.1751400,1.1753800,1.1698500,1.1700000,8161000
20180524,000000,1.1712500,1.1743500,1.1707600,1.1709100,11124000
20180525,000000,1.1700000,1.1723200,1.1670000,1.1670000,13020000
20180529,000000,1.1592800,1.1596400,1.1520000,1.1550000,16097000
20180530,000000,1.1525100,1.1639900,1.1525000,1.1634900,10141000
20180531,000000,1.1685900,1.1719000,1.1673500,1.1697300,5256000
20180601,000000,1.1682900,1.1712400,1.1678100,1.1680000,12734000
20180604,000000,1.1706900,1.1731900,1.1683100,1.1730600,6317000
20180605,000000,1.1705000,1.1712000,1.1680000,1.1680000,11843000
20180606,000000,1.1753000,1.1776900,1.1740000,1.1767600,6693000
20180607,000000,1.1807800,1.1833900,1.1807800,1.1824900,15242000
20180608,000000,1.1776900,1.1779000,1.1725200,1.1744800,9033000
20180613,000000,1.1739900,1.1769400,1.1735000,1.1750200,18330000
20180614,000000,1.1814100,1.1846000,1.1748000,1.1748700,9145000
20180615,000000,1.1567900,1.1609100,1.1544000,1.1596600,8266000
20180618,000000,1.1574000,1.1619800,1.1566300,1.1610600,30527000
20180619,000000,1.1580000,1.1592000,1.1534000,1.1545500,12017000
20180620,000000,1.1566900,1.1588000,1.1538500,1.1574200,4620000
20180621,000000,1.1538100,1.1563000,1.1510500,1.1541800,11269000
20180622,000000,1.1640900,1.1668000,1.1630000,1.1641800,9527000
20180625,000000,1.1634400,1.1690000,1.1630600,1.1677000,6195000
20180626,000000,1.1713000,1.1713000,1.1650000,1.1668000,7691000
20180627,000000,1.1665300,1.1669300,1.1614200,1.1629000,4919000
20180628,000000,1.1538200,1.1590000,1.1525900,1.1576000,15366000
20180629,000000,1.1631200,1.1658500,1.1611500,1.1653900,21789000
20180702,000000,1.1649700,1.1649700,1.1627000,1.1628800,3432000
20180703,000000,1.1650000,1.1669000,1.1645100,1.1663000,6239000
20180705,000000,1.1693400,1.1701300,1.1679900,1.1700300,7455000
20180706,000000,1.1714600,1.1715400,1.1701900,1.1708900,6153000
20180709,000000,1.1762100,1.1781000,1.1754700,1.1781000,11508000
20180710,000000,1.1746000,1.1850200,1.1690900,1.1703700,11930000
20180711,000000,1.1730100,1.1738700,1.1695000,1.1713700,6483000
20180712,000000,1.1678500,1.1687000,1.1654100,1.1654100,5746000
20180713,000000,1.1640900,1.1645500,1.1617600,1.1627900,7495000
20180716,000000,1.1690800,1.1722400,1.1683300,1.1716000,2290000
20180717,000000,1.1729300,1.1740700,1.1706800,1.1710500,10991000
20180718,000000,1.1630000,1.1639000,1.1607100,1.1608000,11168000
20180719,000000,1.1620600,1.1623800,1.1586000,1.1595700,18101000
20180720,000000,1.1652700,1.1660700,1.1637000,1.1659000,5782000
20180723,000000,1.1718000,1.1740300,1.1693900,1.1715000,2724000
20180724,000000,1.1657400,1.1712600,1.1657400,1.1711300,10367000
20180725,000000,1.1697400,1.1703000,1.1682500,1.1697300,18950000
20180726,000000,1.1723200,1.1735000,1.1704700,1.1708500,6216000
20180727,000000,1.1643000,1.1654400,1.1620200,1.1624000,11815000
20180730,000000,1.1656000,1.1690500,1.1645700,1.1678900,4698000
20180731,000000,1.1720000,1.1742100,1.1710900,1.1730000,4943000
20180801,000000,1.1679500,1.1688800,1.1677100,1.1682000,5298000
20180802,000000,1.1627900,1.1631600,1.1600000,1.1600000,8714000
20180803,000000,1.1584700,1.1601500,1.1569100,1.1595100,5103000
20180806,000000,1.1561000,1.1564000,1.1530300,1.1540000,10051000
20180807,000000,1.1578500,1.1600700,1.1568500,1.1595000,7859000
20180808,000000,1.1614600,1.1621000,1.1586000,1.1589500,2905000
20180809,000000,1.1599100,1.1603000,1.1575600,1.1590000,8618000
20180810,000000,1.1458100,1.1475400,1.1445000,1.1465500,24619000
20180813,000000,1.1391500,1.1399000,1.1368100,1.1397300,5457000
20180814,000000,1.1421600,1.1424900,1.1381800,1.1407200,10200000
20180815,000000,1.1339000,1.1341100,1.1310000,1.1319900,15057000
20180816,000000,1.1370300,1.1384800,1.1356100,1.1370000,8505000
20180817,000000,1.1383400,1.1413900,1.1372300,1.1387400,30691000
20180820,000000,1.1411300,1.1424300,1.1400000,1.1424200,16257000
20180821,000000,1.1511000,1.1535500,1.1509600,1.1520000,9736000
20180822,000000,1.1572000,1.1616000,1.1553400,1.1605900,14634000
20180823,000000,1.1563000,1.1586500,1.1547400,1.1581000,7981000
20180824,000000,1.1568000,1.1594000,1.1553600,1.1594000,13537000
20180827,000000,1.1596400,1.1625500,1.1596400,1.1625400,10639000
20180828,000000,1.1686000,1.1710000,1.1679900,1.1710000,4598000
20180829,000000,1.1673300,1.1679000,1.1655500,1.1663400,11457000
20180830,000000,1.1706600,1.1711500,1.1670600,1.1684700,11482000
20180831,000000,1.1676000,1.1686300,1.1643000,1.1644500,7984000
20180904,000000,1.1576900,1.1583500,1.1553700,1.1559000,9003000
20180905,000000,1.1565000,1.1594000,1.1544100,1.1583000,13350000
20180906,000000,1.1617600,1.1635100,1.1611100,1.1626700,10337000
20180907,000000,1.1646900,1.1646900,1.1606100,1.1606300,5709000
20180910,000000,1.1535300,1.1583200,1.1535300,1.1573000,7825000
20180911,000000,1.1627900,1.1640300,1.1576400,1.1581800,14791000
20180912,000000,1.1573600,1.1602200,1.1573000,1.1580200,12345000
20180913,000000,1.1624000,1.1630400,1.1608500,1.1625900,8804000
20180914,000000,1.1703200,1.1715300,1.1688700,1.1688700,11377000
20180917,000000,1.1631000,1.1664900,1.1623000,1.1664500,25285000
20180918,000000,1.1693600,1.1693600,1.1673300,1.1681000,7454000
20180919,000000,1.1684000,1.1712000,1.1671000,1.1685000,7505000
20180920,000000,1.1685500,1.1744000,1.1685300,1.1741100,5995000
20180921,000000,1.1787200,1.1796000,1.1761300,1.1761300,13652000
20180924,000000,1.1735700,1.1770400,1.1734800,1.1765100,9163000
20180925,000000,1.1761000,1.1784000,1.1733500,1.1784000,19272000
20180926,000000,1.1765000,1.1771800,1.1733100,1.1733100,11642000
20180927,000000,1.1697000,1.1717000,1.1685500,1.1699200,11807000
20180928,000000,1.1624200,1.1625600,1.1568400,1.1575200,28016000
20181001,000000,1.1583900,1.1616300,1.1576400,1.1587000,2960000
20181002,000000,1.1539000,1.1541800,1.1507500,1.1524900,7010000
20181003,000000,1.1577000,1.1583300,1.1543100,1.1543700,16540000
20181004,000000,1.1478700,1.1502600,1.1475000,1.1500000,7656000
20181005,000000,1.1503500,1.1509700,1.1487000,1.1505000,17926000
20181009,000000,1.1475500,1.1483600,1.1433100,1.1433100,7148000
20181010,000000,1.1491800,1.1503000,1.1481400,1.1503000,8403000
20181011,000000,1.1542000,1.1577000,1.1531800,1.1573000,9445000
20181012,000000,1.1595200,1.1600000,1.1568600,1.1568600,6350000
20181015,000000,1.1563800,1.1598000,1.1560600,1.1595000,9486000
20181016,000000,1.1578500,1.1594000,1.1565000,1.1580900,6898000
20181017,000000,1.1567800,1.1571600,1.1526000,1.1526000,12003000
20181018,000000,1.1488800,1.1522400,1.1484500,1.1508300,8792000
20181019,000000,1.1460000,1.1471000,1.1435000,1.1463600,7370000
20181022,000000,1.1537000,1.1547000,1.1493200,1.1498100,7463000
20181023,000000,1.1464900,1.1483000,1.1450000,1.1465000,7891000
20181024,000000,1.1455500,1.1470000,1.1391500,1.1394100,10959000
20181025,000000,1.1406500,1.1410700,1.1394000,1.1407500,6305000
20181026,000000,1.1361500,1.1380600,1.1334300,1.1334300,6617000
20181029,000000,1.1393600,1.1412000,1.1365500,1.1398400,6454000
20181030,000000,1.1375500,1.1385000,1.1346400,1.1347000,8992000
20181031,000000,1.1343000,1.1358200,1.1330000,1.1341000,9161000
20181101,000000,1.1347000,1.1399000,1.1346600,1.1395000,13711000
20181102,000000,1.1417000,1.1453900,1.1417000,1.1440700,4247000
20181106,000000,1.1415900,1.1422800,1.1394500,1.1399800,10494000
20181107,000000,1.1442000,1.1496200,1.1435000,1.1488500,4830000
20181108,000000,1.1431900,1.1438800,1.1407000,1.1407000,10576000
20181109,000000,1.1342800,1.1352100,1.1325000,1.1350000,13314000
20181113,000000,1.1255000,1.1255000,1.1222600,1.1249600,11958000
20181114,000000,1.1291000,1.1296600,1.1264900,1.1272100,7827000
20181115,000000,1.1334300,1.1346800,1.1278800,1.1299900,17371000
20181116,000000,1.1347500,1.1362000,1.1320000,1.1328000,7552000
20181119,000000,1.1408300,1.1432600,1.1404500,1.1432600,7455000
20181120,000000,1.1450700,1.1470200,1.1421000,1.1427000,6373000
20181121,000000,1.1389000,1.1412200,1.1368000,1.1400000,10821000
20181123,000000,1.1409500,1.1413300,1.1338500,1.1347300,5994000
20181126,000000,1.1356600,1.1379000,1.1356500,1.1364700,21702000
20181127,000000,1.1328400,1.1335000,1.1304000,1.1318000,11881000
20181128,000000,1.1290000,1.1290900,1.1268000,1.1284000,4697000
20181129,000000,1.1373200,1.1391000,1.1347200,1.1358400,23144000
20181130,000000,1.1389700,1.1389700,1.1363200,1.1368700,3441000
20181203,000000,1.1365000,1.1377000,1.1320000,1.1329900,5569000
20181204,000000,1.1383500,1.1415700,1.1375000,1.1394800,7072000
20181205,000000,1.1326200,1.1357100,1.1323000,1.1350100,3033000
20181206,000000,1.1332100,1.1338900,1.1320000,1.1335000,6674000
20181207,000000,1.1363000,1.1380400,1.1360600,1.1376000,7600000
20181210,000000,1.1427900,1.1433100,1.1404000,1.1417200,12190000
20181211,000000,1.1361000,1.1397800,1.1361000,1.1397800,2759000
20181212,000000,1.1325200,1.1334400,1.1313700,1.1328000,5079000
20181213,000000,1.1369400,1.1389700,1.1368600,1.1375000,11101000
20181214,000000,1.1348900,1.1355300,1.1282000,1.1282300,50674000
20181217,000000,1.1308600,1.1340400,1.1308600,1.1338000,6898000
20181218,000000,1.1336000,1.1399000,1.1336000,1.1391500,8770000
20181219,000000,1.1388100,1.1410000,1.1382900,1.1400000,8184000
20181220,000000,1.1401100,1.1480000,1.1400800,1.1469800,6483000
20181221,000000,1.1451900,1.1468000,1.1406100,1.1415000,15253000
20181224,000000,1.1380000,1.1406000,1.1372700,1.1392300,10455000
20181227,000000,1.1384000,1.1405200,1.1370600,1.1394500,60974000
20181228,000000,1.1460500,1.1468500,1.1427600,1.1462300,42672000
20190109,000000,1.1458400,1.1478000,1.1446900,1.1451300,2412000
20190110,000000,1.1548300,1.1551600,1.1515500,1.1524200,11355000
20190111,000000,1.1521800,1.1530000,1.1513000,1.1525000,9744000
20190114,000000,1.1474100,1.1480000,1.1452000,1.1469000,5101000
20190115,000000,1.1472000,1.1480500,1.1423300,1.1430800,15584000
20190116,000000,1.1401100,1.1421400,1.1379200,1.1380000,7896000
20190117,000000,1.1384000,1.1399700,1.1369600,1.1394900,21003000
20190118,000000,1.1391000,1.1404800,1.1387000,1.1403700,3727000
20190122,000000,1.1351300,1.1363200,1.1345000,1.1359000,13384000
20190123,000000,1.1369400,1.1369400,1.1351400,1.1365000,6539000
20190124,000000,1.1376000,1.1376000,1.1328000,1.1342200,10521000
20190125,000000,1.1320400,1.1342000,1.1312700,1.1340000,7934000
20190128,000000,1.1410000,1.1419400,1.1392000,1.1411000,7419000
20190129,000000,1.1432400,1.1446700,1.1428500,1.1434000,14862000
20190130,000000,1.1428500,1.1438500,1.1422000,1.1428000,7936000
20190131,000000,1.1495500,1.1508000,1.1468400,1.1480000,5972000
20190201,000000,1.1440700,1.1470000,1.1437300,1.1469400,6892000
20190204,000000,1.1441900,1.1452000,1.1436300,1.1451500,7085000
20190205,000000,1.1430200,1.1430200,1.1411100,1.1418300,7809000
20190206,000000,1.1386900,1.1394100,1.1380000,1.1382000,11170000
20190207,000000,1.1355000,1.1361100,1.1325000,1.1325000,11164000
20190208,000000,1.1332900,1.1339900,1.1322000,1.1334600,17937000
20190211,000000,1.1326900,1.1327400,1.1296700,1.1312000,17651000
20190212,000000,1.1282500,1.1287700,1.1256700,1.1277000,10369000
20190213,000000,1.1331900,1.1332800,1.1311700,1.1320000,6858000
20190214,000000,1.1272600,1.1286700,1.1248000,1.1266800,12167000
20190215,000000,1.1286200,1.1287500,1.1268000,1.1273200,11328000
20190219,000000,1.1294400,1.1321400,1.1279900,1.1281500,7077000
20190220,000000,1.1333000,1.1356800,1.1329500,1.1333400,4174000
20190221,000000,1.1326400,1.1358400,1.1319000,1.1335900,6394000
20190222,000000,1.1340400,1.1348300,1.1330600,1.1333200,4684000
20190225,000000,1.1350000,1.1364500,1.1344000,1.1362300,26096000
20190226,000000,1.1349300,1.1367000,1.1344500,1.1360700,5568000
20190227,000000,1.1373400,1.1400500,1.1373000,1.1393600,5584000
20190228,000000,1.1368400,1.1412600,1.1366500,1.1412000,16798000
20190301,000000,1.1360000,1.1378600,1.1353000,1.1378600,8587000
20190304,000000,1.1365500,1.1368000,1.1329200,1.1329200,3801000
20190305,000000,1.1322900,1.1336300,1.1315000,1.1331900,5245000
20190306,000000,1.1301000,1.1306500,1.1296000,1.1303100,6496000
20190307,000000,1.1299700,1.1316900,1.1298900,1.1305000,24564000
20190311,000000,1.1234200,1.1255000,1.1233000,1.1241000,12798000
20190312,000000,1.1256400,1.1281100,1.1251600,1.1253000,9485000
20190313,000000,1.1286300,1.1301900,1.1280000,1.1301900,9612000
20190314,000000,1.1314900,1.1330000,1.1298900,1.1298900,9192000
20190315,000000,1.1315000,1.1323900,1.1309500,1.1317300,8618000
20190318,000000,1.1340800,1.1355900,1.1336900,1.1355900,3791000
20190319,000000,1.1348000,1.1358400,1.1345700,1.1352600,6547000
20190320,000000,1.1345900,1.1355000,1.1335100,1.1355000,3834000
20190321,000000,1.1417500,1.1425300,1.1381800,1.1381800,9357000
20190322,000000,1.1379200,1.1386300,1.1289500,1.1293500,5174000
20190325,000000,1.1300700,1.1319700,1.1294000,1.1307000,27527000
20190326,000000,1.1304300,1.1323300,1.1301900,1.1312000,4386000
20190327,000000,1.1261000,1.1283700,1.1246500,1.1280000,9332000
20190328,000000,1.1254600,1.1255000,1.1221500,1.1221500,8552000
20190329,000000,1.1229100,1.1234300,1.1206900,1.1225000,84146000
20190401,000000,1.1232000,1.1243000,1.1228100,1.1230500,6096000
20190402,000000,1.1195500,1.1203000,1.1190000,1.1200900,61605000
20190403,000000,1.1217100,1.1250000,1.1216000,1.1241500,6373000
20190404,000000,1.1235300,1.1242900,1.1220000,1.1220000,7696000
20190405,000000,1.1228000,1.1230300,1.1221000,1.1221300,13428000
20190408,000000,1.1225000,1.1248900,1.1220700,1.1241600,10130000
20190409,000000,1.1265100,1.1278900,1.1261700,1.1276900,8285000
20190410,000000,1.1269100,1.1278500,1.1260100,1.1278500,11162000
20190411,000000,1.1280700,1.1283100,1.1261000,1.1264000,10337000
20190412,000000,1.1284700,1.1316500,1.1277800,1.1305400,7544000
20190415,000000,1.1313000,1.1319000,1.1305500,1.1305500,8289000
20190416,000000,1.1309000,1.1311700,1.1284100,1.1302100,9248000
20190417,000000,1.1303000,1.1316000,1.1301700,1.1303200,19014000
20190418,000000,1.1292000,1.1295000,1.1242900,1.1248700,23607000
20190423,000000,1.1247000,1.1257100,1.1240000,1.1246700,11821000
20190424,000000,1.1204900,1.1219900,1.1198800,1.1207000,13150000
20190425,000000,1.1149700,1.1156500,1.1119500,1.1119500,20069000
20190426,000000,1.1140800,1.1143000,1.1130000,1.1136000,7206000
20190429,000000,1.1157800,1.1163700,1.1149700,1.1150000,16293000
20190430,000000,1.1182700,1.1214400,1.1180700,1.1212400,19584000
20190506,000000,1.1186100,1.1198500,1.1184600,1.1197000,9718000
20190507,000000,1.1208100,1.1213100,1.1183100,1.1183100,3153000
20190508,000000,1.1205000,1.1206600,1.1191000,1.1203000,13177000
20190513,000000,1.1229100,1.1239100,1.1221100,1.1226700,4492000
20190514,000000,1.1229500,1.1241400,1.1225000,1.1234000,8071000
20190515,000000,1.1201300,1.1215300,1.1177700,1.1177700,10676000
20190516,000000,1.1204300,1.1215000,1.1195000,1.1195000,9117000
20190517,000000,1.1176600,1.1180400,1.1157500,1.1157700,11084000
20190520,000000,1.1155900,1.1163700,1.1153000,1.1160600,8782000
20190521,000000,1.1148200,1.1156900,1.1140200,1.1144300,7263000
20190522,000000,1.1151500,1.1170500,1.1149100,1.1168500,11727000
20190523,000000,1.1139500,1.1143100,1.1127000,1.1133200,37481000
20190524,000000,1.1190400,1.1196400,1.1176500,1.1187300,9257000
20190528,000000,1.1184000,1.1195700,1.1175000,1.1190900,10509000
20190529,000000,1.1154000,1.1157300,1.1148200,1.1152000,5838000
20190530,000000,1.1130500,1.1139300,1.1123500,1.1133900,8193000
20190531,000000,1.1129700,1.1151400,1.1129700,1.1140000,6977000
20190603,000000,1.1163000,1.1185000,1.1162000,1.1180000,4389000
20190604,000000,1.1267500,1.1275000,1.1242000,1.1253000,5623000
20190605,000000,1.1259300,1.1286200,1.1253000,1.1253000,6402000
20190606,000000,1.1222100,1.1257100,1.1216000,1.1257100,8957000
20190607,000000,1.1263500,1.1267500,1.1251000,1.1267500,10690000
20190610,000000,1.1307600,1.1308000,1.1290000,1.1301000,9955000
20190611,000000,1.1315700,1.1330000,1.1306200,1.1306200,10148000
20190613,000000,1.1291400,1.1298100,1.1281000,1.1291500,10958000
20190614,000000,1.1274400,1.1286000,1.1250000,1.1256000,8875000
20190617,000000,1.1211000,1.1228000,1.1203600,1.1228000,11892000
20190618,000000,1.1236800,1.1238100,1.1181000,1.1186800,9825000
20190619,000000,1.1193000,1.1205700,1.1191100,1.1205000,7064000
20190620,000000,1.1271800,1.1311300,1.1267400,1.1301500,7039000
20190621,000000,1.1288100,1.1311600,1.1286000,1.1311600,7714000
20190624,000000,1.1380000,1.1394800,1.1370600,1.1394000,11654000
20190625,000000,1.1399000,1.1399000,1.1377400,1.1381200,8554000
20190626,000000,1.1357700,1.1367500,1.1350400,1.1361000,6843000
20190627,000000,1.1359100,1.1375000,1.1359000,1.1375000,4795000
20190628,000000,1.1375300,1.1388400,1.1373000,1.1373900,13967000
20190701,000000,1.1323000,1.1350000,1.1316700,1.1347000,11910000
20190702,000000,1.1290900,1.1317500,1.1283500,1.1294000,4256000
20190703,000000,1.1282200,1.1297900,1.1270800,1.1291600,7225000
20190705,000000,1.1270000,1.1271000,1.1253000,1.1256000,9024000
20190708,000000,1.1219600,1.1231900,1.1212500,1.1218200,12509000
20190709,000000,1.1207000,1.1210100,1.1192000,1.1199500,4219000
20190710,000000,1.1210100,1.1226500,1.1208600,1.1215500,7125000
20190711,000000,1.1268300,1.1274000,1.1261500,1.1265200,10601000
20190712,000000,1.1269100,1.1270600,1.1250400,1.1251700,9463000
20190715,000000,1.1272600,1.1280800,1.1269300,1.1274000,11345000
20190716,000000,1.1256000,1.1256000,1.1218000,1.1220000,4034000
20190717,000000,1.1203300,1.1217600,1.1203300,1.1214900,3534000
20190718,000000,1.1234700,1.1238700,1.1202600,1.1215000,19623000
20190719,000000,1.1256700,1.1261700,1.1228100,1.1231600,13998000
20190722,000000,1.1220000,1.1222700,1.1210700,1.1210700,8815000
20190723,000000,1.1188500,1.1215800,1.1171000,1.1171000,12586000
20190724,000000,1.1149400,1.1151000,1.1127900,1.1139000,8680000
20190725,000000,1.1128600,1.1141100,1.1112500,1.1112500,6029000
20190726,000000,1.1140300,1.1143000,1.1128000,1.1128200,3232000
20190729,000000,1.1119600,1.1125400,1.1115000,1.1116800,4374000
20190730,000000,1.1131000,1.1150300,1.1131000,1.1148200,9105000
20190731,000000,1.1153000,1.1155200,1.1141600,1.1148800,6271000
20190801,000000,1.1040000,1.1045900,1.1025000,1.1034000,11315000
20190802,000000,1.1081700,1.1104700,1.1079500,1.1104300,7331000
20190805,000000,1.1116500,1.1178200,1.1115500,1.1178200,5691000
20190806,000000,1.1207400,1.1214000,1.1182600,1.1182600,10454000
20190807,000000,1.1198400,1.1200000,1.1179300,1.1194500,4635000
20190808,000000,1.1204200,1.1224200,1.1196600,1.1199000,9525000
20190809,000000,1.1185800,1.1203500,1.1182000,1.1199100,5551000
20190812,000000,1.1197400,1.1198400,1.1166500,1.1187900,4713000
20190813,000000,1.1189200,1.1216500,1.1185800,1.1215000,4439000
20190814,000000,1.1176600,1.1185500,1.1165200,1.1184500,6029000
20190815,000000,1.1146700,1.1153300,1.1138900,1.1146500,4722000
20190816,000000,1.1101100,1.1101100,1.1071000,1.1078400,2517000
20190819,000000,1.1092000,1.1110000,1.1092000,1.1100800,2516000
20190820,000000,1.1074800,1.1082000,1.1070100,1.1075000,10393000
20190821,000000,1.1090100,1.1105500,1.1086400,1.1105500,55259000
20190822,000000,1.1081200,1.1105800,1.1062700,1.1077000,16923000
20190823,000000,1.1064800,1.1069500,1.1048600,1.1060000,4213000
20190826,000000,1.1128500,1.1134100,1.1110000,1.1115400,1908000
20190827,000000,1.1103800,1.1112400,1.1099500,1.1099500,3171000
20190828,000000,1.1087800,1.1093000,1.1085600,1.1085600,4502000
20190829,000000,1.1073600,1.1078300,1.1065400,1.1067700,5491000
20190830,000000,1.1036200,1.1041100,1.1031800,1.1034800,6061000
20190903,000000,1.0940000,1.0949000,1.0927700,1.0934700,2396000
20190904,000000,1.0976400,1.1019000,1.0976000,1.1013200,3354000
20190905,000000,1.1018000,1.1062300,1.1017000,1.1059200,8514000
20190906,000000,1.1037400,1.1047500,1.1018700,1.1018700,7139000
20190909,000000,1.1026000,1.1037500,1.1022300,1.1032700,3143000
20190910,000000,1.1048000,1.1057500,1.1033400,1.1033400,7874000
20190911,000000,1.1045000,1.1045600,1.0997400,1.0997400,5339000
20190912,000000,1.1012000,1.1060000,1.0965000,1.0969000,9661000
20190913,000000,1.1089100,1.1105300,1.1074800,1.1103500,6076000
20190916,000000,1.1070600,1.1080600,1.1036900,1.1036900,7517000
20190917,000000,1.0999800,1.1023300,1.0998700,1.1022500,7824000
20190918,000000,1.1050400,1.1065400,1.1035200,1.1042300,10477000
20190919,000000,1.1040000,1.1062200,1.1035000,1.1061300,5221000
20190920,000000,1.1056700,1.1064700,1.1025200,1.1027500,9874000
20190923,000000,1.1007400,1.1009600,1.0966500,1.0981000,12144000
20190924,000000,1.0990300,1.0997000,1.0986200,1.0993400,2233000
20190925,000000,1.0999500,1.1002000,1.0979000,1.0979000,15185000
20190926,000000,1.0951600,1.0951600,1.0923000,1.0927200,11233000
20190927,000000,1.0910500,1.0936400,1.0907000,1.0931600,25837000
20190930,000000,1.0940100,1.0945000,1.0909900,1.0912000,8719000
20191001,000000,1.0882600,1.1000000,1.0881000,1.0901400,10307000
20191002,000000,1.0924000,1.0929500,1.0903500,1.0928000,10114000
20191003,000000,1.0939400,1.0967600,1.0939000,1.0960500,20345000
20191004,000000,1.0964200,1.0985000,1.0964200,1.0981500,15377000
20191007,000000,1.0977400,1.0988400,1.0960800,1.0988400,13401000
20191008,000000,1.0981000,1.0992800,1.0978000,1.0987000,6906000
20191009,000000,1.0963500,1.0988800,1.0963500,1.0977000,22117000
20191010,000000,1.1002600,1.1028400,1.1002600,1.1020200,13842000
20191011,000000,1.1014200,1.1055600,1.1001500,1.1047500,14554000
20191015,000000,1.1036000,1.1036000,1.1004700,1.1006000,5149000
20191016,000000,1.1044800,1.1049600,1.1023000,1.1026000,23554000
20191017,000000,1.1068000,1.1136300,1.1068000,1.1120000,12407000
20191018,000000,1.1112800,1.1143600,1.1112800,1.1140000,8515000
20191021,000000,1.1154500,1.1175500,1.1151100,1.1167000,3945000
20191022,000000,1.1144400,1.1146000,1.1133800,1.1139000,10378000
20191023,000000,1.1120000,1.1125600,1.1110000,1.1117900,3017000
20191024,000000,1.1134700,1.1155600,1.1121600,1.1123200,200065000
20191025,000000,1.1107700,1.1119000,1.1103400,1.1104300,9437000
20191028,000000,1.1089100,1.1100600,1.1084800,1.1098800,9184000
20191029,000000,1.1089800,1.1090900,1.1075800,1.1080800,8163000
20191030,000000,1.1113200,1.1124000,1.1109000,1.1109800,20381000
20191031,000000,1.1158200,1.1171000,1.1142300,1.1144000,9607000
20191101,000000,1.1162400,1.1163000,1.1138200,1.1154000,5075000
20191105,000000,1.1128700,1.1138300,1.1116800,1.1119300,6454000
20191106,000000,1.1078200,1.1091000,1.1071400,1.1082000,18792000
20191107,000000,1.1056400,1.1086500,1.1056400,1.1078800,4177000
20191108,000000,1.1050700,1.1052500,1.1025000,1.1025400,11847000
20191112,000000,1.1032100,1.1034900,1.1017000,1.1019200,5324000
20191113,000000,1.1012000,1.1017000,1.0999500,1.1007000,14956000
20191114,000000,1.0998000,1.1011800,1.0988000,1.0988000,16059000
20191115,000000,1.1022300,1.1030300,1.1012100,1.1027900,18244000
20191118,000000,1.1059400,1.1066600,1.1055000,1.1058500,9363000
20191119,000000,1.1080300,1.1080300,1.1063400,1.1072800,4544000
20191120,000000,1.1068000,1.1070500,1.1056200,1.1057000,12116000
20191121,000000,1.1072000,1.1085000,1.1069400,1.1082200,2989000
20191122,000000,1.1069600,1.1077000,1.1048800,1.1054900,2786000
20191125,000000,1.1023700,1.1031000,1.1009500,1.1012000,4750000
20191126,000000,1.1012200,1.1018000,1.1010000,1.1013700,18677000
20191127,000000,1.1010000,1.1012600,1.1003000,1.1008000,22042000
20191129,000000,1.1006400,1.1010400,1.0991800,1.0994000,48725000
20191202,000000,1.1016200,1.1021000,1.1006800,1.1007800,9178000
20191203,000000,1.1077400,1.1085000,1.1065000,1.1074000,17933000
20191204,000000,1.1075000,1.1085400,1.1066700,1.1067000,8676000
20191205,000000,1.1080000,1.1093000,1.1078000,1.1089500,18325000
20191206,000000,1.1101500,1.1106000,1.1088600,1.1089500,26965000
20191209,000000,1.1061400,1.1073100,1.1059100,1.1072800,14197000
20191210,000000,1.1067000,1.1082500,1.1067000,1.1081800,12193000
20191211,000000,1.1085100,1.1085100,1.1078000,1.1080000,6345000
20191212,000000,1.1136000,1.1139400,1.1123200,1.1129600,15318000
20191213,000000,1.1162800,1.1183200,1.1160600,1.1173300,17829000
20191216,000000,1.1139500,1.1148200,1.1126000,1.1141200,58123000
20191217,000000,1.1145000,1.1165000,1.1129400,1.1160100,10649000
20191218,000000,1.1136100,1.1141900,1.1123500,1.1127800,9079000
20191219,000000,1.1128000,1.1142400,1.1123700,1.1127000,11495000
20191220,000000,1.1114600,1.1120000,1.1090000,1.1092000,6267000
20191223,000000,1.1081900,1.1085800,1.1075100,1.1078800,10100000
20191224,000000,1.1085300,1.1085300,1.1064800,1.1068600,20892000
20191227,000000,1.1111000,1.1147500,1.1111000,1.1144200,21533000
20191230,000000,1.1190000,1.1204000,1.1182100,1.1187200,25609000
20200109,000000,1.1105100,1.1118900,1.1096400,1.1105400,10870000
20200110,000000,1.1106600,1.1107400,1.1084100,1.1094400,6915000
20200113,000000,1.1127400,1.1131100,1.1115000,1.1121000,7209000
20200114,000000,1.1137100,1.1145400,1.1124600,1.1124600,10176000
20200115,000000,1.1133100,1.1151300,1.1118300,1.1147000,1886000
20200116,000000,1.1147100,1.1160000,1.1143000,1.1155000,4921000
20200117,000000,1.1137900,1.1140000,1.1104000,1.1106600,5734000
20200121,000000,1.1093400,1.1107400,1.1086100,1.1106900,3639000
20200122,000000,1.1081400,1.1092400,1.1075000,1.1078100,5582000
20200123,000000,1.1085000,1.1093400,1.1077100,1.1093400,8183000
20200124,000000,1.1045000,1.1060500,1.1030000,1.1031900,3677000
20200127,000000,1.1033400,1.1035900,1.1015600,1.1022900,8837000
20200128,000000,1.1017900,1.1022900,1.1007100,1.1011500,17044000
20200129,000000,1.1013900,1.1013900,1.0995100,1.1001000,10433000
20200130,000000,1.1009000,1.1019400,1.1003600,1.1017000,14448000
20200131,000000,1.1014600,1.1036400,1.1014600,1.1036400,4352000
20200203,000000,1.1083600,1.1083600,1.1057600,1.1058600,4470000
20200204,000000,1.1057400,1.1059400,1.1050000,1.1053200,7530000
20200205,000000,1.1034600,1.1119900,1.0992000,1.1021900,17940000
20200206,000000,1.0995100,1.1005000,1.0992500,1.0997000,18594000
20200207,000000,1.0973900,1.0980000,1.0947000,1.0950000,6687000
20200210,000000,1.0949900,1.1007900,1.0943600,1.0951400,5102000
20200211,000000,1.0907000,1.0916900,1.0905000,1.0915400,3890000
20200212,000000,1.0905800,1.0924900,1.0901100,1.0915000,6705000
20200213,000000,1.0869900,1.0883400,1.0860000,1.0860000,5218000
20200214,000000,1.0833100,1.0848900,1.0832000,1.0837000,9178000
20200218,000000,1.0832400,1.0835900,1.0823900,1.0826900,3567000
20200219,000000,1.0794600,1.0805000,1.0784600,1.0790000,4729000
20200220,000000,1.0787000,1.0804400,1.0781100,1.0793900,8282000
20200221,000000,1.0789900,1.0817400,1.0788000,1.0805400,16361000
20200225,000000,1.0851900,1.0865400,1.0829100,1.0829100,1921000
20200226,000000,1.0874000,1.0892400,1.0866600,1.0875500,6697000
20200227,000000,1.0908000,1.0946400,1.0907600,1.0940000,8813000
20200228,000000,1.0999400,1.1047400,1.0993600,1.1000000,13130000
20200302,000000,1.1045600,1.1119900,1.0901000,1.1119900,3778000
20200303,000000,1.1141600,1.1141600,1.1085800,1.1111100,9688000
20200304,000000,1.1155000,1.1183000,1.1137600,1.1149400,6023000
20200305,000000,1.1132900,1.1189900,1.1120000,1.1180000,2410000
20200306,000000,1.1226000,1.1339900,1.1221600,1.1328100,8498000
20200310,000000,1.1345000,1.1394000,1.1337100,1.1366000,11074000
20200311,000000,1.1353100,1.1355000,1.1300000,1.1328600,8679000
20200312,000000,1.1289900,1.1315000,1.1213100,1.1220100,10568000
20200313,000000,1.1200000,1.1211400,1.1143600,1.1151600,33428000
20200316,000000,1.1145500,1.1230000,1.1133000,1.1169600,2589000
20200317,000000,1.1058100,1.1150100,1.1000000,1.1000000,25737000
20200318,000000,1.1001000,1.1015000,1.0961000,1.0988400,11166000
20200319,000000,1.0921000,1.0927500,1.0738000,1.0753000,30900000
20200320,000000,1.0746600,1.0831900,1.0700000,1.0712100,6410000
20200323,000000,1.0735000,1.0740000,1.0650100,1.0664100,19494000
20200324,000000,1.0823500,1.0879000,1.0810000,1.0870000,5499000
20200325,000000,1.0823900,1.0848500,1.0794100,1.0815000,9561000
20200326,000000,1.0900000,1.0976400,1.0900000,1.0960900,7534000
20200327,000000,1.1050000,1.1059900,1.0990600,1.1020000,11717000
20200330,000000,1.1072000,1.1090000,1.1051000,1.1061900,1077000
20200331,000000,1.1000000,1.1199900,1.0930000,1.0950000,7312000
20200401,000000,1.0985100,1.0988900,1.0924500,1.0936000,5569000
20200402,000000,1.0940000,1.0954900,1.0909100,1.0909100,3751000
20200403,000000,1.0855000,1.0855000,1.0785000,1.0792900,2333000
20200406,000000,1.0807200,1.0830000,1.0799000,1.0800000,4767000
20200407,000000,1.0855000,1.0890000,1.0855000,1.0880000,3672000
20200408,000000,1.0855200,1.0881400,1.0849900,1.0877900,3990000
20200409,000000,1.0863600,1.0889000,1.0851000,1.0857400,11267000
20200414,000000,1.0930000,1.0960000,1.0916100,1.0960000,1878000
20200415,000000,1.0962000,1.0962000,1.0903600,1.0910100,3414000
20200416,000000,1.0890100,1.0891600,1.0850100,1.0850100,3300000
20200417,000000,1.0857100,1.0857100,1.0770000,1.0850000,6311000
20200420,000000,1.0859400,1.0894400,1.0850600,1.0860000,1908000
20200421,000000,1.0837000,1.0845000,1.0822600,1.0840400,12258000
20200422,000000,1.0862900,1.0876000,1.0850100,1.0874100,5420000
20200423,000000,1.0819400,1.0819400,1.0760100,1.0770100,3421000
20200424,000000,1.0738500,1.0801900,1.0730000,1.0786500,5502000
20200427,000000,1.0844300,1.0856400,1.0835100,1.0841600,1583000
20200428,000000,1.0812900,1.0885000,1.0812900,1.0885000,6894000
20200429,000000,1.0850000,1.0874400,1.0843900,1.0843900,3519000
20200430,000000,1.0880000,1.0888300,1.0860000,1.0881900,14880000
20200506,000000,1.0831100,1.0833400,1.0784000,1.0809100,7413000
20200507,000000,1.0794600,1.0930000,1.0780000,1.0786000,18714000
20200508,000000,1.0834400,1.0844900,1.0819500,1.0842900,4884000
20200512,000000,1.0822600,1.0883000,1.0810500,1.0842600,22940000
20200513,000000,1.0839000,1.0865100,1.0834000,1.0865100,6511000
20200514,000000,1.0800000,1.0814400,1.0780000,1.0790000,11011000
20200515,000000,1.0799400,1.0816400,1.0790100,1.0800000,2497000
20200518,000000,1.0818600,1.0823900,1.0800100,1.0820900,6827000
20200519,000000,1.0940000,1.0975000,1.0926400,1.0963000,13830000
20200520,000000,1.0948000,1.0958900,1.0937100,1.0958900,5872000
20200521,000000,1.0967900,1.1000000,1.0960000,1.1000000,51490000
20200522,000000,1.0925000,1.0925000,1.0890000,1.0902500,7510000
20200526,000000,1.0917500,1.0972100,1.0917500,1.0972100,3384000
20200527,000000,1.0964900,1.1029900,1.0938800,1.1022000,32660000
20200528,000000,1.1017600,1.1021900,1.0990100,1.1010000,5405000
20200529,000000,1.1097700,1.1139000,1.1092000,1.1137000,7681000
20200601,000000,1.1137900,1.1151000,1.1102100,1.1115000,7527000
20200602,000000,1.1120000,1.1181600,1.1120000,1.1167900,3337000
20200603,000000,1.1215900,1.1226900,1.1187000,1.1190000,2067000
20200604,000000,1.1206900,1.1271500,1.1194000,1.1271500,21660000
20200605,000000,1.1376600,1.1376600,1.1318100,1.1337900,2506000
20200608,000000,1.1286600,1.1387000,1.1270100,1.1274900,7428000
20200609,000000,1.1273400,1.1280000,1.1243900,1.1276900,18845000
20200610,000000,1.1352000,1.1386100,1.1349800,1.1386100,4137000
20200611,000000,1.1360000,1.1400000,1.1350000,1.1356100,1457000
20200615,000000,1.1234400,1.1253000,1.1234400,1.1250100,3173000
20200616,000000,1.1345400,1.1345600,1.1309600,1.1314400,2610000
20200617,000000,1.1284400,1.1290000,1.1227000,1.1241100,7023000
20200618,000000,1.1254600,1.1260900,1.1232000,1.1232100,5552000
20200619,000000,1.1215400,1.1218400,1.1195100,1.1203000,2214000
20200622,000000,1.1349000,1.1349000,1.1198700,1.1213600,22262000
20200623,000000,1.1273300,1.1302500,1.1269600,1.1302500,2480000
20200625,000000,1.1240000,1.1339000,1.1200000,1.1200900,6852000
20200626,000000,1.1208100,1.1231400,1.1208000,1.1218500,9483000
20200629,000000,1.1252600,1.1282900,1.1241600,1.1278400,6102000
20200630,000000,1.1215900,1.1227000,1.1198400,1.1208000,11270000
20200702,000000,1.1273400,1.1303000,1.1260000,1.1272600,6563000
20200703,000000,1.1241000,1.1340000,1.1224100,1.1228600,2387000
20200706,000000,1.1296500,1.1320400,1.1282000,1.1320400,7339000
20200707,000000,1.1289500,1.1295400,1.1262100,1.1291900,8492000
20200708,000000,1.1287400,1.1293000,1.1268400,1.1291600,2239000
20200709,000000,1.1360000,1.1360000,1.1320100,1.1339000,4323000
20200710,000000,1.1261700,1.1298400,1.1258900,1.1284500,5022000
20200713,000000,1.1329600,1.1336400,1.1302100,1.1336400,7112000
20200714,000000,1.1341000,1.1379900,1.1329100,1.1379900,2690000
20200715,000000,1.1409400,1.1447400,1.1397100,1.1443400,7911000
20200716,000000,1.1397000,1.1415900,1.1376600,1.1411900,2606000
20200717,000000,1.1389000,1.1426000,1.1385100,1.1419600,10087000
20200720,000000,1.1456400,1.1500000,1.1443000,1.1447900,4960000
20200721,000000,1.1450000,1.1459600,1.1365100,1.1442400,1178000
20200722,000000,1.1535100,1.1579900,1.1506100,1.1578100,6901000
20200723,000000,1.1596400,1.1596400,1.1571100,1.1584900,29407000
20200724,000000,1.1613000,1.1616400,1.1586900,1.1599000,3722000
20200727,000000,1.1652000,1.1739600,1.1652000,1.1739600,5946000
20200728,000000,1.1730100,1.1740900,1.1700000,1.1701000,5560000
20200729,000000,1.1881000,1.1881000,1.1728400,1.1728400,8755000
20200730,000000,1.1756600,1.1770000,1.1725100,1.1749900,3586000
20200731,000000,1.1990000,1.1990000,1.1825100,1.1832600,7791000
20200803,000000,1.1752000,1.1780900,1.1715000,1.1727500,6712000
20200804,000000,1.1727600,1.1800000,1.1689000,1.1764900,11717000
20200805,000000,1.1820200,1.1859400,1.1715000,1.1853900,7105000
20200806,000000,1.1873000,1.1873000,1.1835000,1.1845400,9472000
20200807,000000,1.1898000,1.1898000,1.1810000,1.1815900,8190000
20200810,000000,1.1770100,1.1774900,1.1744100,1.1757900,4884000
20200811,000000,1.1733100,1.1802000,1.1730000,1.1801900,2906000
20200812,000000,1.1730000,1.1775000,1.1725600,1.1767000,3964000
20200813,000000,1.1820000,1.1850000,1.1816600,1.1841400,5054000
20200814,000000,1.1806100,1.1816900,1.1783200,1.1813900,3639000
20200817,000000,1.1863100,1.1866000,1.1830000,1.1854000,3921000
20200818,000000,1.1764700,1.1959600,1.1764700,1.1904000,11705000
20200819,000000,1.1933100,1.1950500,1.1928100,1.1936000,9899000
20200820,000000,1.1855900,1.1867400,1.1810000,1.1838000,5702000
20200821,000000,1.1870000,1.1870000,1.1774100,1.1774100,10818000
20200824,000000,1.1808000,1.1846900,1.1807100,1.1846900,4566000
20200825,000000,1.1801100,1.1843400,1.1801100,1.1814400,6064000
20200826,000000,1.1804600,1.1821400,1.1800000,1.1800000,3334000
20200827,000000,1.1825000,1.1850000,1.1797000,1.1813000,7377000
20200828,000000,1.1867800,1.1919900,1.1867800,1.1908000,7171000
20200831,000000,1.2000000,1.2002200,1.1820200,1.1939900,3438000
20200901,000000,1.1860100,1.1995000,1.1860000,1.1990000,2549000
20200902,000000,1.1900000,1.1900000,1.1850400,1.1853900,3046000
